"GEO_ID","NAME","B25070_001E","B25070_001M","B25070_002E","B25070_002M","B25070_003E","B25070_003M","B25070_004E","B25070_004M","B25070_005E","B25070_005M","B25070_006E","B25070_006M","B25070_007E","B25070_007M","B25070_008E","B25070_008M","B25070_009E","B25070_009M","B25070_010E","B25070_010M","B25070_011E","B25070_011M",
"Geography","Geographic Area Name","Estimate!!Total:","Margin of Error!!Total:","Estimate!!Total:!!Less than 10.0 percent","Margin of Error!!Total:!!Less than 10.0 percent","Estimate!!Total:!!10.0 to 14.9 percent","Margin of Error!!Total:!!10.0 to 14.9 percent","Estimate!!Total:!!15.0 to 19.9 percent","Margin of Error!!Total:!!15.0 to 19.9 percent","Estimate!!Total:!!20.0 to 24.9 percent","Margin of Error!!Total:!!20.0 to 24.9 percent","Estimate!!Total:!!25.0 to 29.9 percent","Margin of Error!!Total:!!25.0 to 29.9 percent","Estimate!!Total:!!30.0 to 34.9 percent","Margin of Error!!Total:!!30.0 to 34.9 percent","Estimate!!Total:!!35.0 to 39.9 percent","Margin of Error!!Total:!!35.0 to 39.9 percent","Estimate!!Total:!!40.0 to 49.9 percent","Margin of Error!!Total:!!40.0 to 49.9 percent","Estimate!!Total:!!50.0 percent or more","Margin of Error!!Total:!!50.0 percent or more","Estimate!!Total:!!Not computed","Margin of Error!!Total:!!Not computed",
"860Z200US83856","ZCTA5 83856","404","122","43","32","50","45","53","43","49","42","0","18","18","17","4","7","81","53","8","9","98","79",
"860Z200US98001","ZCTA5 98001","2868","524","93","54","173","115","371","200","204","123","638","349","273","164","302","188","87","71","515","182","212","129",
"860Z200US98002","ZCTA5 98002","7205","621","106","69","427","178","918","412","757","248","633","221","839","231","752","272","559","176","1958","356","256","122",
"860Z200US98003","ZCTA5 98003","10183","737","211","115","350","161","623","200","914","288","1661","468","1210","288","917","257","1234","455","2771","476","292","103",
"860Z200US98004","ZCTA5 98004","12295","684","1125","295","2232","389","2233","501","1548","285","1219","257","675","201","402","169","632","215","1869","454","360","177",
"860Z200US98005","ZCTA5 98005","4404","406","288","128","612","184","807","200","474","159","348","170","257","107","161","95","214","92","1115","296","128","117",
"860Z200US98006","ZCTA5 98006","2872","364","55","45","380","193","387","133","406","128","276","145","136","103","157","94","185","123","764","216","126","62",
"860Z200US98007","ZCTA5 98007","7541","579","715","220","1185","348","1022","274","918","222","871","446","470","157","662","221","233","113","1305","254","160","95",
"860Z200US98008","ZCTA5 98008","2538","302","81","61","348","125","579","203","292","111","273","124","132","93","71","52","157","93","403","128","202","113",
"860Z200US98010","ZCTA5 98010","301","150","108","114","34","39","15","25","31","37","57","63","11","18","17","28","12","21","12","19","4","7",
"860Z200US98011","ZCTA5 98011","4945","513","45","45","272","127","710","189","730","266","604","189","498","205","351","155","316","117","1256","283","163","81",
"860Z200US98012","ZCTA5 98012","9118","780","187","100","706","210","927","238","1653","403","1097","286","917","221","690","224","855","359","1911","439","175","86",
"860Z200US98014","ZCTA5 98014","264","95","0","19","15","25","52","33","19","22","31","20","7","12","18","20","0","19","73","74","49","36",
"860Z200US98019","ZCTA5 98019","407","193","0","21","24","28","60","81","0","21","45","71","21","33","0","21","37","47","110","96","110","115",
"860Z200US98020","ZCTA5 98020","2169","315","0","21","143","112","126","81","230","139","440","144","481","205","104","65","121","71","442","172","82","72",
"860Z200US98021","ZCTA5 98021","2506","306","66","56","231","107","487","154","359","133","302","125","196","105","104","79","156","93","548","181","57","44",
"860Z200US98022","ZCTA5 98022","1665","353","151","99","204","123","135","105","267","144","96","72","157","87","157","103","86","64","388","149","24","32",
"860Z200US98023","ZCTA5 98023","5977","591","204","161","304","171","492","210","723","259","891","269","759","290","451","159","438","188","1460","325","255","127",
"860Z200US98024","ZCTA5 98024","234","92","46","56","16","23","17","25","9","14","21","24","13","21","0","13","0","13","65","51","47","45",
"860Z200US98025","ZCTA5 98025","0","13","0","13","0","13","0","13","0","13","0","13","0","13","0","13","0","13","0","13","0","13",
"860Z200US98026","ZCTA5 98026","4253","408","97","76","209","90","671","209","548","189","906","282","323","140","212","107","387","115","888","300","12","22",
"860Z200US98027","ZCTA5 98027","3491","411","126","104","276","140","472","142","577","182","302","142","427","163","107","70","405","163","660","217","139","74",
"860Z200US98028","ZCTA5 98028","2731","312","218","147","148","77","352","145","302","122","332","159","304","107","108","61","391","228","488","171","88","53",
"860Z200US98029","ZCTA5 98029","4528","674","284","257","325","169","887","318","663","248","504","181","299","248","162","125","235","136","1040","457","129","100",
"860Z200US98030","ZCTA5 98030","6086","660","150","111","184","107","765","261","957","318","825","319","790","315","278","155","915","334","1121","290","101","77",
"860Z200US98031","ZCTA5 98031","4578","605","191","124","186","97","403","138","723","409","609","199","259","101","463","182","400","180","1137","242","207","117",
"860Z200US98032","ZCTA5 98032","8615","663","155","120","572","233","745","212","906","227","1140","397","1075","294","590","188","748","216","2547","503","137","77",
"860Z200US98033","ZCTA5 98033","6215","468","557","194","730","217","974","282","663","158","674","190","520","189","394","154","408","127","1176","243","119","64",
"860Z200US98034","ZCTA5 98034","8384","643","359","156","749","223","1199","266","1386","329","892","240","827","243","568","192","483","218","1626","406","295","145",
"860Z200US98036","ZCTA5 98036","6517","586","183","112","323","121","572","231","659","293","817","206","778","261","631","195","549","196","1653","387","352","204",
"860Z200US98037","ZCTA5 98037","4485","526","88","66","340","184","576","193","740","278","360","163","334","168","315","137","399","166","1244","357","89","76",
"860Z200US98038","ZCTA5 98038","1790","398","8","13","114","57","166","79","274","101","240","149","131","75","52","63","92","51","587","301","126","74",
"860Z200US98039","ZCTA5 98039","216","61","10","15","25","30","3","5","23","15","6","8","15","15","0","13","11","12","100","70","23","21",
"860Z200US98040","ZCTA5 98040","3364","365","81","44","370","156","312","144","669","268","266","112","271","138","302","169","155","82","807","275","131","86",
"860Z200US98042","ZCTA5 98042","2966","358","65","59","334","185","530","293","277","115","154","90","140","99","159","85","332","150","867","218","108","79",
"860Z200US98043","ZCTA5 98043","3999","376","123","96","160","91","622","227","613","247","422","129","537","248","347","148","351","195","721","180","103","69",
"860Z200US98045","ZCTA5 98045","865","246","23","35","158","111","108","68","19","23","110","72","73","69","0","21","90","64","284","187","0","21",
"860Z200US98047","ZCTA5 98047","989","281","0","19","96","135","81","80","115","103","96","93","173","139","160","147","57","54","191","132","20","37",
"860Z200US98050","ZCTA5 98050","0","13","0","13","0","13","0","13","0","13","0","13","0","13","0","13","0","13","0","13","0","13",
"860Z200US98051","ZCTA5 98051","194","100","0","13","25","24","69","63","0","13","0","13","29","49","0","13","15","24","35","57","21","32",
"860Z200US98052","ZCTA5 98052","17600","828","1064","304","2482","487","3317","545","2876","480","1578","329","1197","356","597","240","1088","367","2848","469","553","259",
"860Z200US98053","ZCTA5 98053","1123","269","0","25","180","143","90","62","78","63","68","62","99","75","25","30","94","67","366","233","123","74",
"860Z200US98055","ZCTA5 98055","4263","428","96","60","234","118","501","188","505","204","576","174","396","189","387","162","730","277","794","211","44","44",
"860Z200US98056","ZCTA5 98056","6622","582","160","117","359","155","781","285","888","272","722","203","971","365","339","153","688","203","1538","290","176","93",
"860Z200US98057","ZCTA5 98057","4714","449","49","55","324","158","476","236","493","168","437","171","338","155","512","191","479","191","1481","405","125","108",
"860Z200US98058","ZCTA5 98058","4186","447","81","54","314","206","519","194","452","137","578","274","359","133","283","121","431","163","854","224","315","283",
"860Z200US98059","ZCTA5 98059","3281","378","140","83","104","68","370","135","574","201","502","172","229","117","195","108","253","151","776","242","138","115",
"860Z200US98065","ZCTA5 98065","815","178","11","16","115","83","78","60","125","108","122","69","171","91","114","87","52","52","0","21","27","31",
"860Z200US98068","ZCTA5 98068","34","35","0","13","0","13","6","10","19","29","0","13","9","16","0","13","0","13","0","13","0","13",
"860Z200US98070","ZCTA5 98070","833","217","89","76","15","24","101","82","121","87","72","47","113","90","39","38","0","21","198","140","85","98",
"860Z200US98072","ZCTA5 98072","2539","344","132","118","222","109","346","159","207","126","151","77","319","214","164","134","404","152","502","206","92","55",
"860Z200US98074","ZCTA5 98074","1593","341","28","34","193","109","170","98","342","216","256","108","119","103","85","58","107","82","275","144","18","22",
"860Z200US98075","ZCTA5 98075","920","156","54","38","86","43","147","72","200","133","159","88","39","36","41","33","36","31","130","65","28","26",
"860Z200US98077","ZCTA5 98077","412","199","11","18","109","111","44","47","7","11","25","26","31","57","0","21","23","39","155","147","7","12",
"860Z200US98087","ZCTA5 98087","7427","665","129","89","319","141","1058","319","758","216","997","322","1097","415","533","219","368","191","1991","478","177","101",
"860Z200US98092","ZCTA5 98092","4350","481","139","92","193","118","378","133","1057","310","484","162","375","125","60","44","392","137","1067","241","205","97",
"860Z200US98101","ZCTA5 98101","9470","862","684","269","1116","294","1258","317","1365","404","973","233","878","248","932","430","456","194","1575","382","233","147",
"860Z200US98102","ZCTA5 98102","12555","873","667","244","1846","494","1632","272","1751","408","1290","339","1107","359","883","251","1127","408","1925","412","327","159",
"860Z200US98103","ZCTA5 98103","14314","949","583","182","1568","357","2244","414","2153","414","1436","284","1658","325","883","279","1109","307","2377","416","303","199",
"860Z200US98104","ZCTA5 98104","8312","628","271","110","735","218","972","316","1174","363","1099","289","853","254","423","209","855","259","1726","361","204","107",
"860Z200US98105","ZCTA5 98105","12113","789","487","228","773","241","1025","241","1139","278","906","306","611","186","1078","307","1048","247","4154","439","892","227",
"860Z200US98106","ZCTA5 98106","4806","502","128","91","270","130","501","171","665","191","549","195","537","247","345","119","400","158","1209","328","202","111",
"860Z200US98107","ZCTA5 98107","9355","819","369","156","1326","352","1444","403","966","255","1551","470","553","152","650","232","722","215","1498","409","276","143",
"860Z200US98108","ZCTA5 98108","3676","379","87","52","165","75","437","145","567","195","358","158","465","200","358","127","268","99","724","193","247","119",
"860Z200US98109","ZCTA5 98109","16173","813","1091","302","2847","502","2260","409","2303","467","1968","520","1098","277","1000","258","912","338","2310","437","384","238",
"860Z200US98110","ZCTA5 98110","1849","306","92","65","254","120","225","99","257","151","259","113","102","61","220","135","51","41","314","162","75","68",
"860Z200US98112","ZCTA5 98112","4276","467","243","148","405","137","779","213","553","186","495","176","340","167","274","149","205","130","785","250","197","132",
"860Z200US98115","ZCTA5 98115","9520","654","364","125","916","240","1396","306","1331","404","1356","284","644","211","755","203","667","198","1777","256","314","138",
"860Z200US98116","ZCTA5 98116","6204","634","437","306","468","168","751","245","1044","300","826","258","409","164","564","225","316","146","1226","288","163","103",
"860Z200US98117","ZCTA5 98117","4278","560","84","60","565","246","761","229","644","247","854","301","358","155","195","111","239","124","461","174","117","83",
"860Z200US98118","ZCTA5 98118","7911","721","343","152","488","208","1079","326","761","226","930","251","783","257","552","246","616","220","1913","455","446","150",
"860Z200US98119","ZCTA5 98119","8418","837","389","178","1039","248","1310","281","1716","654","1002","328","626","388","550","163","558","213","1039","265","189","98",
"860Z200US98121","ZCTA5 98121","10342","890","590","262","1721","400","1889","429","1091","282","1298","491","816","296","429","193","408","184","1784","526","316","141",
"860Z200US98122","ZCTA5 98122","16682","901","735","261","1711","369","2507","448","2626","617","1501","300","1331","384","1135","326","1302","355","3172","541","662","322",
"860Z200US98125","ZCTA5 98125","10945","701","232","119","658","174","1103","303","1733","376","1067","240","974","294","867","226","1146","299","2795","459","370","178",
"860Z200US98126","ZCTA5 98126","3981","458","91","68","211","121","534","180","580","186","388","179","546","295","355","151","244","124","805","221","227","141",
"860Z200US98133","ZCTA5 98133","11790","751","369","189","709","194","1157","276","1373","288","1634","465","1010","269","1039","303","978","201","2990","466","531","230",
"860Z200US98134","ZCTA5 98134","138","64","0","13","0","13","9","11","8","13","30","47","38","46","0","13","0","13","33","37","20","22",
"860Z200US98136","ZCTA5 98136","2841","562","29","24","211","125","516","358","317","144","409","185","199","159","237","143","196","123","564","268","163","89",
"860Z200US98144","ZCTA5 98144","8465","728","406","156","602","199","834","204","1056","295","1009","280","930","420","597","181","913","399","1753","398","365","160",
"860Z200US98146","ZCTA5 98146","3496","413","93","62","202","128","449","188","473","195","440","179","388","186","238","123","288","138","744","256","181","107",
"860Z200US98148","ZCTA5 98148","2012","313","34","38","55","48","162","74","281","102","344","228","396","165","126","99","97","83","480","170","37","49",
"860Z200US98154","ZCTA5 98154","0","13","0","13","0","13","0","13","0","13","0","13","0","13","0","13","0","13","0","13","0","13",
"860Z200US98155","ZCTA5 98155","3944","380","151","82","372","145","282","112","444","125","489","138","387","134","351","157","474","174","783","196","211","110",
"860Z200US98158","ZCTA5 98158","0","13","0","13","0","13","0","13","0","13","0","13","0","13","0","13","0","13","0","13","0","13",
"860Z200US98164","ZCTA5 98164","22","47","18","49","0","13","0","13","0","13","0","13","4","10","0","13","0","13","0","13","0","13",
"860Z200US98166","ZCTA5 98166","3030","329","14","18","308","162","265","124","287","154","491","160","301","141","205","107","393","211","710","261","56","62",
"860Z200US98168","ZCTA5 98168","5853","649","164","91","433","183","525","205","720","254","695","243","658","248","441","221","467","154","1509","361","241","131",
"860Z200US98174","ZCTA5 98174","0","13","0","13","0","13","0","13","0","13","0","13","0","13","0","13","0","13","0","13","0","13",
"860Z200US98177","ZCTA5 98177","1067","225","45","51","21","20","122","71","123","67","171","73","114","95","54","46","125","70","274","133","18","20",
"860Z200US98178","ZCTA5 98178","3328","407","90","59","153","63","207","165","456","243","434","182","296","153","237","143","271","139","1057","305","127","100",
"860Z200US98188","ZCTA5 98188","6545","645","44","43","808","356","672","251","846","267","655","260","727","265","516","206","824","316","1287","359","166","125",
"860Z200US98195","ZCTA5 98195","0","13","0","13","0","13","0","13","0","13","0","13","0","13","0","13","0","13","0","13","0","13",
"860Z200US98198","ZCTA5 98198","6620","573","91","78","241","170","417","158","550","179","775","246","422","184","709","321","1341","522","1904","370","170","109",
"860Z200US98199","ZCTA5 98199","3787","557","98","68","579","268","866","311","789","273","473","156","206","87","57","48","242","118","406","154","71","50",
"860Z200US98201","ZCTA5 98201","7254","557","184","104","689","196","720","182","693","148","1055","229","785","276","483","183","526","154","1937","306","182","95",
"860Z200US98203","ZCTA5 98203","4531","525","54","50","205","109","429","155","614","242","623","209","255","115","504","176","433","163","1113","265","301","324",
"860Z200US98204","ZCTA5 98204","11523","732","250","154","708","302","1347","360","1522","329","1165","322","1305","421","983","354","1197","339","2840","488","206","165",
"860Z200US98207","ZCTA5 98207","0","13","0","13","0","13","0","13","0","13","0","13","0","13","0","13","0","13","0","13","0","13",
"860Z200US98208","ZCTA5 98208","6956","708","186","154","163","85","710","219","712","210","739","212","983","398","388","170","1052","355","1817","369","206","134",
"860Z200US98220","ZCTA5 98220","26","26","6","9","0","13","0","13","20","25","0","13","0","13","0","13","0","13","0","13","0","13",
"860Z200US98221","ZCTA5 98221","2816","160","129","39","261","60","349","70","394","87","271","47","234","62","180","75","216","52","606","84","176","41",
"860Z200US98222","ZCTA5 98222","15","19","0","13","0","13","0","13","0","13","0","13","0","13","0","13","0","13","0","13","15","19",
"860Z200US98223","ZCTA5 98223","3702","527","18","29","275","129","384","157","493","158","338","151","288","113","239","118","352","167","935","237","380","315",
"860Z200US98224","ZCTA5 98224","4","6","0","13","0","13","0","13","4","6","0","13","0","13","0","13","0","13","0","13","0","13",
"860Z200US98225","ZCTA5 98225","13276","685","378","174","744","249","943","220","1071","253","1336","288","1127","238","1262","320","1497","278","4346","463","572","238",
"860Z200US98226","ZCTA5 98226","7401","582","150","88","527","242","792","230","787","276","759","259","858","299","675","363","616","176","2005","393","232","111",
"860Z200US98229","ZCTA5 98229","4076","410","0","28","137","63","333","138","549","186","447","173","255","134","374","172","747","234","1083","328","151","96",
"860Z200US98230","ZCTA5 98230","1706","318","8","17","122","87","177","99","311","153","244","137","174","106","120","85","118","133","376","210","56","44",
"860Z200US98232","ZCTA5 98232","172","53","3","4","0","13","32","27","24","24","0","13","21","21","1","3","6","8","19","14","66","31",
"860Z200US98233","ZCTA5 98233","2531","340","21","25","277","113","138","117","328","153","277","140","511","210","58","62","201","118","688","223","32","28",
"860Z200US98235","ZCTA5 98235","86","71","0","13","46","67","0","13","0","13","0","13","0","13","0","13","19","24","8","14","13","20",
"860Z200US98236","ZCTA5 98236","438","145","0","19","37","40","42","32","57","51","18","24","12","21","20","27","9","16","157","114","86","58",
"860Z200US98237","ZCTA5 98237","317","89","6","9","38","28","26","30","19","28","60","54","43","29","28","37","35","31","26","32","36","31",
"860Z200US98238","ZCTA5 98238","44","70","0","13","44","70","0","13","0","13","0","13","0","13","0","13","0","13","0","13","0","13",
"860Z200US98239","ZCTA5 98239","560","124","22","23","59","50","37","36","47","61","66","48","12","16","28","26","89","64","130","66","70","45",
"860Z200US98240","ZCTA5 98240","55","68","0","13","0","13","0","13","0","13","55","68","0","13","0","13","0","13","0","13","0","13",
"860Z200US98241","ZCTA5 98241","236","125","8","13","33","31","17","17","29","25","0","13","74","106","0","13","18","20","46","35","11","15",
"860Z200US98243","ZCTA5 98243","53","34","13","14","0","13","0","13","23","22","0","13","0","13","0","13","0","13","0","13","17","18",
"860Z200US98244","ZCTA5 98244","154","87","9","9","6","8","58","72","31","33","3","4","1","3","1","2","31","41","8","10","6","8",
"860Z200US98245","ZCTA5 98245","444","79","24","16","31","21","42","24","42","27","46","27","27","20","41","30","18","18","120","56","53","27",
"860Z200US98247","ZCTA5 98247","780","235","23","20","48","39","225","125","70","46","37","31","14","22","22","26","2","5","310","209","29","30",
"860Z200US98248","ZCTA5 98248","2289","445","28","38","81","79","265","131","339","155","212","108","244","195","204","129","101","80","645","354","170","100",
"860Z200US98249","ZCTA5 98249","344","123","0","13","19","21","45","47","28","28","66","71","24","25","39","48","9","14","54","52","60","51",
"860Z200US98250","ZCTA5 98250","991","127","34","18","114","45","157","54","108","41","88","34","80","39","45","29","63","27","180","47","122","59",
"860Z200US98251","ZCTA5 98251","284","108","0","13","32","36","0","13","19","26","24","29","0","13","0","13","65","57","69","62","75","52",
"860Z200US98252","ZCTA5 98252","650","184","7","11","45","38","164","120","83","50","47","58","53","59","26","35","34","34","176","101","15","23",
"860Z200US98253","ZCTA5 98253","102","77","0","13","0","13","11","20","0","13","0","13","0","13","85","77","0","13","0","13","6","10",
"860Z200US98255","ZCTA5 98255","16","18","0","13","0","13","0","13","11","16","0","13","0","13","0","13","0","13","5","8","0","13",
"860Z200US98256","ZCTA5 98256","26","26","0","13","0","13","11","18","0","13","0","13","0","13","9","14","0","13","6","11","0","13",
"860Z200US98257","ZCTA5 98257","422","90","28","17","24","12","71","54","44","19","30","15","29","24","21","20","33","12","118","53","24","15",
"860Z200US98258","ZCTA5 98258","3853","431","71","67","306","106","356","121","563","217","411","178","502","182","453","215","320","158","670","222","201","101",
"860Z200US98260","ZCTA5 98260","443","127","15","24","22","27","27","19","50","52","28","18","51","29","30","33","29","25","160","108","31","25",
"860Z200US98261","ZCTA5 98261","306","60","14","10","31","25","27","22","20","12","19","12","8","11","5","6","12","11","90","34","80","28",
"860Z200US98262","ZCTA5 98262","46","38","0","13","0","13","0","13","30","36","4","8","0","13","0","13","0","13","6","9","6","8",
"860Z200US98263","ZCTA5 98263","7","10","0","13","0","13","0","13","7","10","0","13","0","13","0","13","0","13","0","13","0","13",
"860Z200US98264","ZCTA5 98264","2556","377","190","158","60","49","311","162","373","168","232","130","312","155","192","116","249","150","553","230","84","74",
"860Z200US98266","ZCTA5 98266","418","164","0","13","0","13","91","120","110","103","32","45","32","38","10","15","42","54","75","63","26","32",
"860Z200US98267","ZCTA5 98267","57","70","0","13","37","61","0","13","0","13","0","13","0","13","0","13","0","13","0","13","20","34",
"860Z200US98270","ZCTA5 98270","5768","558","102","64","526","191","557","219","718","236","745","225","697","229","453","197","504","186","1241","236","225","95",
"860Z200US98271","ZCTA5 98271","2872","316","107","40","110","74","266","159","361","160","457","192","293","126","160","105","175","77","755","223","188","90",
"860Z200US98272","ZCTA5 98272","2028","256","25","28","198","128","352","120","269","100","272","118","111","60","145","63","72","60","507","159","77","70",
"860Z200US98273","ZCTA5 98273","4273","441","107","75","126","74","515","158","387","137","547","181","401","148","258","120","510","183","992","270","430","170",
"860Z200US98274","ZCTA5 98274","1638","238","36","42","97","60","179","96","160","99","239","131","108","73","190","96","139","90","388","122","102","64",
"860Z200US98275","ZCTA5 98275","2418","328","15","25","139","91","267","116","430","161","228","128","348","149","192","124","364","173","392","239","43","40",
"860Z200US98276","ZCTA5 98276","74","41","0","13","7","8","10","15","10","13","6","9","0","13","1","3","2","3","34","33","4","6",
"860Z200US98277","ZCTA5 98277","6480","506","158","92","553","258","556","199","899","263","630","176","1040","281","480","159","641","203","1290","282","233","105",
"860Z200US98278","ZCTA5 98278","0","13","0","13","0","13","0","13","0","13","0","13","0","13","0","13","0","13","0","13","0","13",
"860Z200US98279","ZCTA5 98279","111","61","8","11","2","4","0","13","26","20","5","9","0","13","0","13","8","7","55","56","7","8",
"860Z200US98280","ZCTA5 98280","37","25","0","13","3","4","13","14","7","9","0","13","0","13","0","13","0","13","0","13","14","17",
"860Z200US98281","ZCTA5 98281","123","50","19","18","10","12","28","32","8","12","0","13","0","13","3","6","17","18","38","35","0","13",
"860Z200US98282","ZCTA5 98282","641","183","43","40","23","29","70","50","118","83","60","46","17","27","9","14","59","64","116","58","126","80",
"860Z200US98283","ZCTA5 98283","11","13","0","13","6","9","0","13","0","13","0","13","0","13","0","13","0","13","0","13","5","9",
"860Z200US98284","ZCTA5 98284","2997","376","70","59","137","84","542","238","221","101","305","146","231","102","122","75","382","167","592","183","395","148",
"860Z200US98286","ZCTA5 98286","24","17","0","13","0","13","10","12","0","13","0","13","0","13","0","13","0","13","0","13","14","12",
"860Z200US98288","ZCTA5 98288","30","18","2","3","6","7","2","3","11","15","3","5","0","13","0","13","0","13","3","6","3","5",
"860Z200US98290","ZCTA5 98290","2688","349","84","69","223","117","391","207","372","206","235","91","370","146","91","81","270","113","445","157","207","105",
"860Z200US98292","ZCTA5 98292","1853","376","110","110","117","77","145","108","150","81","152","88","122","83","34","33","141","117","756","262","126","89",
"860Z200US98294","ZCTA5 98294","379","169","0","19","16","24","16","25","18","25","168","145","19","30","58","63","10","16","74","66","0","19",
"860Z200US98295","ZCTA5 98295","451","305","4","7","15","19","229","298","21","22","41","42","4","5","22","24","21","23","58","32","36","27",
"860Z200US98296","ZCTA5 98296","923","315","64","108","175","164","18","28","84","105","113","117","19","23","44","43","38","39","235","141","133","180",
"860Z200US98297","ZCTA5 98297","2","4","0","13","0","13","0","13","0","13","0","13","0","13","0","13","0","13","0","13","2","4",
"860Z200US98303","ZCTA5 98303","10","17","10","17","0","13","0","13","0","13","0","13","0","13","0","13","0","13","0","13","0","13",
"860Z200US98304","ZCTA5 98304","62","78","0","13","47","75","0","13","0","13","0","13","0","13","0","13","0","13","0","13","15","24",
"860Z200US98305","ZCTA5 98305","11","20","0","13","0","13","0","13","0","13","0","13","0","13","0","13","0","13","0","13","11","20",
"860Z200US98310","ZCTA5 98310","4418","395","122","70","274","166","364","147","490","165","519","153","580","214","258","129","373","132","1328","242","110","63",
"860Z200US98311","ZCTA5 98311","2601","373","55","41","313","172","210","101","256","129","299","143","364","182","272","155","225","134","558","194","49","54",
"860Z200US98312","ZCTA5 98312","4832","459","260","123","276","126","402","135","764","211","558","203","514","179","305","146","462","159","728","176","563","223",
"860Z200US98314","ZCTA5 98314","32","27","0","13","4","6","14","22","0","13","5","7","0","13","0","13","0","13","0","13","9","13",
"860Z200US98315","ZCTA5 98315","1074","147","0","19","0","19","115","71","181","85","149","75","115","73","125","76","154","91","215","83","20","32",
"860Z200US98320","ZCTA5 98320","99","42","0","13","3","8","16","19","0","13","7","7","3","5","9","12","23","22","3","6","35","23",
"860Z200US98321","ZCTA5 98321","695","208","0","21","43","50","84","90","106","119","78","59","63","51","9","15","119","80","193","146","0","21",
"860Z200US98323","ZCTA5 98323","24","26","0","13","6","10","0","13","0","13","0","13","8","14","0","13","0","13","10","18","0","13",
"860Z200US98325","ZCTA5 98325","135","129","0","13","12","20","20","25","18","27","0","13","0","13","0","13","0","13","0","13","85","121",
"860Z200US98326","ZCTA5 98326","176","85","0","13","48","45","11","18","0","13","18","23","51","58","0","13","0","13","48","38","0","13",
"860Z200US98327","ZCTA5 98327","1520","305","10","18","13","20","185","116","405","180","357","267","102","67","122","72","136","99","146","75","44","40",
"860Z200US98328","ZCTA5 98328","654","178","28","30","113","113","58","53","43","53","30","34","102","108","36","32","33","26","182","120","29","25",
"860Z200US98329","ZCTA5 98329","522","159","50","50","82","71","11","18","48","52","26","30","9","15","0","21","23","27","195","99","78","77",
"860Z200US98330","ZCTA5 98330","0","13","0","13","0","13","0","13","0","13","0","13","0","13","0","13","0","13","0","13","0","13",
"860Z200US98331","ZCTA5 98331","934","243","7","6","164","102","182","114","67","71","59","45","58","53","56","60","199","215","56","45","86","62",
"860Z200US98332","ZCTA5 98332","1351","241","14","22","113","65","131","72","276","145","120","74","90","69","109","74","175","86","224","98","99","75",
"860Z200US98333","ZCTA5 98333","116","79","44","59","0","13","0","13","0","13","0","13","8","14","0","13","0","13","35","38","29","33",
"860Z200US98335","ZCTA5 98335","2366","367","146","82","75","55","201","83","459","211","364","239","166","116","115","56","249","128","564","205","27","23",
"860Z200US98336","ZCTA5 98336","78","51","11","16","0","13","0","13","0","13","0","13","0","13","0","13","31","44","36","29","0","13",
"860Z200US98337","ZCTA5 98337","1669","243","20","27","73","51","102","57","199","113","215","90","168","97","178","96","270","126","304","109","140","103",
"860Z200US98338","ZCTA5 98338","1752","416","31","31","243","207","298","132","335","147","105","54","130","111","159","117","103","77","245","110","103","67",
"860Z200US98339","ZCTA5 98339","418","122","34","34","33","45","75","63","10","18","25","32","101","94","52","64","4","7","76","55","8","12",
"860Z200US98340","ZCTA5 98340","136","167","0","13","107","163","0","13","0","13","0","13","0","13","14","23","0","13","0","13","15","24",
"860Z200US98342","ZCTA5 98342","114","22","11","9","11","8","22","12","9","8","11","7","9","7","2","3","14","9","12","8","13","8",
"860Z200US98345","ZCTA5 98345","72","54","0","13","13","21","32","53","0","13","0","13","0","13","17","27","0","13","10","17","0","13",
"860Z200US98346","ZCTA5 98346","652","183","20","25","43","35","144","123","92","55","122","106","40","42","7","7","38","44","117","79","29","29",
"860Z200US98349","ZCTA5 98349","273","169","0","19","8","15","35","52","0","19","38","44","0","19","62","102","0","19","50","44","80","109",
"860Z200US98350","ZCTA5 98350","35","21","4","8","4","7","1","3","4","5","4","6","3","6","0","13","0","13","3","4","12","11",
"860Z200US98351","ZCTA5 98351","78","98","0","13","20","31","0","13","0","13","0","13","0","13","0","13","58","93","0","13","0","13",
"860Z200US98353","ZCTA5 98353","0","13","0","13","0","13","0","13","0","13","0","13","0","13","0","13","0","13","0","13","0","13",
"860Z200US98354","ZCTA5 98354","1300","194","12","19","120","89","37","36","162","83","174","103","194","131","75","66","48","47","478","171","0","19",
"860Z200US98355","ZCTA5 98355","69","61","0","13","0","13","0","13","0","13","0","13","0","13","0","13","0","13","27","42","42","42",
"860Z200US98356","ZCTA5 98356","189","112","0","13","19","25","0","13","10","17","52","50","20","23","7","11","0","13","74","80","7","12",
"860Z200US98357","ZCTA5 98357","127","46","17","17","22","14","21","23","5","7","0","13","4","6","0","13","0","13","0","13","58","34",
"860Z200US98358","ZCTA5 98358","103","62","11","20","28","30","0","13","15","18","0","13","0","13","0","13","0","13","25","41","24","34",
"860Z200US98359","ZCTA5 98359","265","110","0","13","10","15","41","41","56","57","0","13","21","24","29","37","0","13","108","86","0","13",
"860Z200US98360","ZCTA5 98360","677","179","22","38","60","62","55","45","107","71","50","56","69","60","45","52","186","139","62","55","21","34",
"860Z200US98361","ZCTA5 98361","0","13","0","13","0","13","0","13","0","13","0","13","0","13","0","13","0","13","0","13","0","13",
"860Z200US98362","ZCTA5 98362","3593","383","166","72","236","114","368","164","394","117","342","112","291","103","275","118","493","182","812","278","216","110",
"860Z200US98363","ZCTA5 98363","1658","269","71","44","190","111","169","88","213","106","238","130","124","78","58","42","165","96","322","120","108","72",
"860Z200US98364","ZCTA5 98364","0","13","0","13","0","13","0","13","0","13","0","13","0","13","0","13","0","13","0","13","0","13",
"860Z200US98365","ZCTA5 98365","226","101","0","19","9","14","44","38","8","14","44","64","0","19","0","19","14","22","23","24","84","71",
"860Z200US98366","ZCTA5 98366","4937","534","159","110","301","147","712","224","701","238","515","230","367","204","357","165","195","109","1424","332","206","133",
"860Z200US98367","ZCTA5 98367","1804","353","13","20","78","76","224","106","123","104","127","75","221","141","103","77","255","181","554","246","106","63",
"860Z200US98368","ZCTA5 98368","2143","338","31","30","161","101","422","168","115","87","325","144","239","132","160","99","209","97","294","106","187","115",
"860Z200US98370","ZCTA5 98370","3065","408","60","47","169","111","261","176","410","161","484","188","303","133","275","145","204","118","723","264","176","102",
"860Z200US98371","ZCTA5 98371","2914","379","43","41","195","110","467","200","443","137","334","142","264","119","229","114","253","108","572","201","114","75",
"860Z200US98372","ZCTA5 98372","5006","497","54","54","433","175","844","239","1010","316","568","167","503","226","428","245","323","147","723","260","120","74",
"860Z200US98373","ZCTA5 98373","4727","510","412","202","173","116","661","243","503","215","615","205","532","218","499","190","513","209","697","211","122","92",
"860Z200US98374","ZCTA5 98374","4339","549","148","103","174","98","429","181","675","319","461","161","736","258","91","70","445","161","980","235","200","139",
"860Z200US98375","ZCTA5 98375","2672","455","126","107","77","50","485","234","297","145","334","179","149","86","285","148","261","154","556","208","102","77",
"860Z200US98376","ZCTA5 98376","95","58","0","13","0","13","13","14","5","7","0","13","1","2","6","10","0","13","33","50","37","37",
"860Z200US98377","ZCTA5 98377","302","141","0","13","27","33","71","66","0","13","0","13","38","32","60","65","0","13","57","55","49","63",
"860Z200US98380","ZCTA5 98380","248","114","7","12","27","34","36","30","42","52","13","21","68","99","3","9","0","19","2","6","50","49",
"860Z200US98381","ZCTA5 98381","13","17","0","13","6","11","0","13","0","13","0","13","1","3","0","13","6","10","0","13","0","13",
"860Z200US98382","ZCTA5 98382","2879","372","51","38","168","99","360","125","313","125","319","129","232","102","140","72","359","159","609","153","328","135",
"860Z200US98383","ZCTA5 98383","3881","449","142","88","300","185","509","177","241","100","571","263","328","132","390","190","438","150","893","221","69","61",
"860Z200US98385","ZCTA5 98385","7","9","0","13","0","13","0","13","0","13","4","7","0","13","0","13","0","13","0","13","3","5",
"860Z200US98387","ZCTA5 98387","3770","476","86","53","342","191","606","195","634","165","312","126","363","134","221","121","244","118","741","205","221","164",
"860Z200US98388","ZCTA5 98388","972","182","19","30","64","53","126","98","95","65","49","35","119","64","78","51","134","75","136","88","152","142",
"860Z200US98390","ZCTA5 98390","2274","301","0","21","86","58","441","156","495","218","354","162","228","139","114","83","114","80","377","136","65","43",
"860Z200US98391","ZCTA5 98391","2723","398","156","90","343","184","435","204","308","134","168","115","225","133","189","103","335","139","482","183","82","68",
"860Z200US98392","ZCTA5 98392","333","55","16","7","49","20","49","30","33","16","25","14","15","12","19","12","40","19","60","21","27","16",
"860Z200US98394","ZCTA5 98394","71","48","0","13","0","13","9","14","0","13","0","13","0","13","0","13","0","13","42","36","20","32",
"860Z200US98396","ZCTA5 98396","63","57","0","13","0","13","15","13","4","7","0","13","0","13","0","13","0","13","40","54","4","7",
"860Z200US98402","ZCTA5 98402","3517","313","84","56","207","106","307","121","517","159","457","187","332","103","228","108","281","123","915","184","189","105",
"860Z200US98403","ZCTA5 98403","2821","363","58","39","279","158","342","120","811","301","312","204","302","135","243","185","242","126","215","97","17","28",
"860Z200US98404","ZCTA5 98404","3992","484","240","98","297","129","334","130","256","100","281","119","365","147","444","181","454","227","1044","277","277","137",
"860Z200US98405","ZCTA5 98405","5255","553","167","112","404","138","467","239","482","165","598","208","385","146","470","182","852","363","1229","293","201","111",
"860Z200US98406","ZCTA5 98406","3683","431","93","64","185","122","633","312","508","199","336","166","299","127","210","112","279","138","1059","311","81","67",
"860Z200US98407","ZCTA5 98407","3454","484","216","149","141","77","293","134","597","254","669","197","241","106","185","130","138","79","843","276","131","66",
"860Z200US98408","ZCTA5 98408","2634","409","59","51","96","102","265","144","306","173","363","158","198","119","292","206","362","222","594","204","99","84",
"860Z200US98409","ZCTA5 98409","6613","612","149","99","544","161","484","183","833","222","854","292","900","353","478","202","237","93","1834","357","300","157",
"860Z200US98416","ZCTA5 98416","0","13","0","13","0","13","0","13","0","13","0","13","0","13","0","13","0","13","0","13","0","13",
"860Z200US98418","ZCTA5 98418","1441","309","8","13","49","46","165","73","256","136","128","79","223","146","91","79","192","127","170","99","159","171",
"860Z200US98421","ZCTA5 98421","52","33","0","13","0","13","17","18","0","13","5","10","0","13","0","13","0","13","7","11","23","36",
"860Z200US98422","ZCTA5 98422","1803","194","52","32","43","42","195","64","272","128","222","83","155","71","121","62","219","107","421","112","103","67",
"860Z200US98424","ZCTA5 98424","2178","247","56","48","68","33","388","159","299","120","209","74","249","98","175","83","235","73","443","136","56","46",
"860Z200US98430","ZCTA5 98430","0","13","0","13","0","13","0","13","0","13","0","13","0","13","0","13","0","13","0","13","0","13",
"860Z200US98433","ZCTA5 98433","4294","321","47","36","9","16","119","83","315","133","310","119","433","171","157","79","747","207","1629","241","528","173",
"860Z200US98438","ZCTA5 98438","25","13","0","13","0","13","0","13","0","13","0","13","0","13","0","13","0","13","0","13","25","13",
"860Z200US98439","ZCTA5 98439","1909","345","0","19","17","18","128","75","27","27","262","147","225","257","240","115","231","150","645","245","134","61",
"860Z200US98443","ZCTA5 98443","360","130","7","10","56","45","43","37","73","77","55","50","23","31","0","19","44","44","51","30","8","9",
"860Z200US98444","ZCTA5 98444","7031","520","185","110","367","150","478","157","876","273","764","242","854","262","551","182","766","216","2040","336","150","77",
"860Z200US98445","ZCTA5 98445","3663","442","106","92","179","99","360","151","327","134","531","174","275","127","296","144","372","206","1136","303","81","67",
"860Z200US98446","ZCTA5 98446","1541","345","12","20","55","44","371","252","195","105","155","80","291","175","94","96","89","87","224","102","55","45",
"860Z200US98447","ZCTA5 98447","0","13","0","13","0","13","0","13","0","13","0","13","0","13","0","13","0","13","0","13","0","13",
"860Z200US98465","ZCTA5 98465","1795","277","0","19","110","84","86","100","378","175","302","149","206","124","119","91","251","145","277","148","66","57",
"860Z200US98466","ZCTA5 98466","5821","513","43","44","457","201","1162","347","560","205","454","154","537","184","490","220","595","222","1231","276","292","187",
"860Z200US98467","ZCTA5 98467","2431","360","16","25","198","137","306","130","200","110","203","110","174","119","198","139","251","137","885","230","0","21",
"860Z200US98498","ZCTA5 98498","4576","499","178","131","146","71","658","275","833","304","406","181","461","200","317","126","356","161","970","251","251","160",
"860Z200US98499","ZCTA5 98499","9005","772","230","187","429","212","861","303","1061","325","1427","439","1014","323","823","322","596","214","2119","358","445","216",
"860Z200US98501","ZCTA5 98501","7501","613","195","122","374","158","1013","276","978","246","849","277","878","239","270","114","820","290","1906","338","218","136",
"860Z200US98502","ZCTA5 98502","6356","443","113","77","201","95","610","249","643","182","714","193","818","247","706","219","571","179","1762","273","218","141",
"860Z200US98503","ZCTA5 98503","7264","622","162","105","494","197","795","266","1247","344","631","192","684","232","669","288","541","221","1870","375","171","93",
"860Z200US98505","ZCTA5 98505","0","13","0","13","0","13","0","13","0","13","0","13","0","13","0","13","0","13","0","13","0","13",
"860Z200US98506","ZCTA5 98506","2816","377","60","63","168","108","220","94","546","266","269","112","267","125","69","51","238","119","818","232","161","116",
"860Z200US98512","ZCTA5 98512","3722","435","49","55","364","153","376","162","350","220","560","212","390","141","280","170","192","122","930","258","231","102",
"860Z200US98513","ZCTA5 98513","2887","402","115","81","230","90","540","259","294","127","228","127","284","99","150","82","179","109","762","268","105","66",
"860Z200US98516","ZCTA5 98516","3588","422","166","124","240","160","220","116","408","163","323","141","535","232","141","119","368","178","1121","218","66","68",
"860Z200US98520","ZCTA5 98520","2994","358","8","13","438","156","349","153","417","167","232","105","190","129","212","116","440","177","558","161","150","96",
"860Z200US98524","ZCTA5 98524","36","39","0","13","0","13","0","13","12","21","0","13","0","13","0","13","0","13","4","7","20","32",
"860Z200US98526","ZCTA5 98526","28","18","0","13","0","13","10","14","3","4","0","13","0","13","4","5","0","13","0","13","11","7",
"860Z200US98527","ZCTA5 98527","11","13","0","13","0","13","11","13","0","13","0","13","0","13","0","13","0","13","0","13","0","13",
"860Z200US98528","ZCTA5 98528","826","279","41","48","97","78","158","102","87","79","94","121","0","21","0","21","4","12","136","79","209","198",
"860Z200US98530","ZCTA5 98530","46","19","0","13","3","6","10","9","8","8","10","11","5","9","0","13","5","7","0","13","5","9",
"860Z200US98531","ZCTA5 98531","3715","413","84","108","430","222","418","180","300","123","394","183","502","198","117","87","374","168","969","225","127","89",
"860Z200US98532","ZCTA5 98532","2195","326","116","68","183","85","247","102","432","185","261","99","123","53","35","44","170","109","459","163","169","91",
"860Z200US98533","ZCTA5 98533","125","96","8","15","11","18","0","13","0","13","31","51","0","13","45","71","0","13","11","19","19","32",
"860Z200US98535","ZCTA5 98535","9","14","0","13","0","13","0","13","0","13","0","13","0","13","0","13","0","13","9","14","0","13",
"860Z200US98536","ZCTA5 98536","16","26","0","13","0","13","0","13","0","13","0","13","0","13","0","13","0","13","0","13","16","26",
"860Z200US98537","ZCTA5 98537","188","70","11","15","28","31","11","20","26","27","15","19","13","24","0","13","34","33","24","23","26","23",
"860Z200US98538","ZCTA5 98538","39","20","0","13","12","11","4","6","7","11","0","13","6","10","0","13","0","13","2","3","8","11",
"860Z200US98539","ZCTA5 98539","13","11","0","13","2","3","0","13","0","13","0","13","0","13","0","13","0","13","8","9","3","5",
"860Z200US98541","ZCTA5 98541","862","231","4","5","73","66","133","88","107","116","93","69","101","90","45","53","43","44","198","117","65","58",
"860Z200US98542","ZCTA5 98542","72","62","8","13","0","13","0","13","22","35","0","13","0","13","42","58","0","13","0","13","0","13",
"860Z200US98544","ZCTA5 98544","0","13","0","13","0","13","0","13","0","13","0","13","0","13","0","13","0","13","0","13","0","13",
"860Z200US98546","ZCTA5 98546","75","53","0","13","35","43","0","13","11","15","0","13","6","13","6","9","0","13","8","13","9","15",
"860Z200US98547","ZCTA5 98547","116","81","0","13","0","13","36","48","0","13","0","13","0","13","0","13","23","24","0","13","57","66",
"860Z200US98548","ZCTA5 98548","91","70","0","13","0","13","0","13","0","13","18","29","0","13","7","10","13","21","36","51","17","28",
"860Z200US98550","ZCTA5 98550","1768","253","80","75","165","75","274","102","247","165","175","111","108","84","41","33","139","80","445","139","94","66",
"860Z200US98552","ZCTA5 98552","21","12","10","9","6","9","0","13","0","13","0","13","2","4","0","13","0","13","3","4","0","13",
"860Z200US98555","ZCTA5 98555","30","44","0","13","0","13","0","13","0","13","0","13","0","13","0","13","0","13","30","44","0","13",
"860Z200US98556","ZCTA5 98556","0","13","0","13","0","13","0","13","0","13","0","13","0","13","0","13","0","13","0","13","0","13",
"860Z200US98557","ZCTA5 98557","213","65","4","6","31","30","30","23","15","16","15","14","34","23","3","6","10","14","27","21","44","37",
"860Z200US98558","ZCTA5 98558","0","13","0","13","0","13","0","13","0","13","0","13","0","13","0","13","0","13","0","13","0","13",
"860Z200US98559","ZCTA5 98559","0","13","0","13","0","13","0","13","0","13","0","13","0","13","0","13","0","13","0","13","0","13",
"860Z200US98560","ZCTA5 98560","10","16","0","13","0","13","0","13","0","13","0","13","0","13","0","13","0","13","0","13","10","16",
"860Z200US98562","ZCTA5 98562","83","106","0","13","0","13","0","13","0","13","0","13","0","13","67","103","16","26","0","13","0","13",
"860Z200US98563","ZCTA5 98563","783","213","118","79","60","53","104","101","51","61","75","75","120","115","94","77","7","13","20","37","134","87",
"860Z200US98564","ZCTA5 98564","338","148","5","8","0","13","85","91","87","118","17","15","0","13","15","23","23","22","13","17","93","70",
"860Z200US98565","ZCTA5 98565","29","25","0","13","0","13","0","13","0","13","0","13","8","12","0","13","13","18","8","12","0","13",
"860Z200US98566","ZCTA5 98566","5","5","3","4","0","13","0","13","0","13","0","13","0","13","0","13","0","13","0","13","2","4",
"860Z200US98568","ZCTA5 98568","197","62","10","9","32","29","15","16","15","11","10","13","7","8","5","6","30","26","62","45","11","12",
"860Z200US98569","ZCTA5 98569","637","185","14","23","61","74","9","18","133","111","146","122","0","19","27","33","35","40","149","111","63","51",
"860Z200US98570","ZCTA5 98570","492","173","47","64","27","30","26","31","58","64","84","83","40","48","0","19","25","39","36","49","149","103",
"860Z200US98571","ZCTA5 98571","23","40","23","40","0","13","0","13","0","13","0","13","0","13","0","13","0","13","0","13","0","13",
"860Z200US98572","ZCTA5 98572","81","43","13","14","4","8","24","27","7","11","0","13","0","13","0","13","1","3","10","19","22","18",
"860Z200US98575","ZCTA5 98575","3","5","0","13","0","13","3","5","0","13","0","13","0","13","0","13","0","13","0","13","0","13",
"860Z200US98576","ZCTA5 98576","175","78","0","19","0","19","8","10","59","51","0","19","0","19","0","19","18","30","79","64","11","14",
"860Z200US98577","ZCTA5 98577","463","142","17","22","30","45","41","46","56","56","111","86","18","20","28","32","23","27","67","46","72","56",
"860Z200US98579","ZCTA5 98579","867","277","0","21","69","91","73","49","85","85","77","91","98","78","85","101","26","43","218","167","136","146",
"860Z200US98580","ZCTA5 98580","586","188","62","64","41","53","13","14","98","101","42","46","20","33","0","21","98","110","3","4","209","141",
"860Z200US98581","ZCTA5 98581","13","20","0","13","0","13","0","13","0","13","0","13","0","13","0","13","0","13","0","13","13","20",
"860Z200US98582","ZCTA5 98582","0","13","0","13","0","13","0","13","0","13","0","13","0","13","0","13","0","13","0","13","0","13",
"860Z200US98583","ZCTA5 98583","21","21","0","13","0","13","8","13","0","13","0","13","0","13","0","13","0","13","3","5","10","16",
"860Z200US98584","ZCTA5 98584","3328","368","164","92","105","61","394","143","343","180","468","185","276","130","182","69","143","83","830","225","423","184",
"860Z200US98585","ZCTA5 98585","63","58","0","13","0","13","0","13","0","13","9","15","0","13","12","18","0","13","0","13","42","54",
"860Z200US98586","ZCTA5 98586","326","116","15","16","37","40","27","31","33","37","27","29","0","13","11","17","67","55","78","74","31","31",
"860Z200US98587","ZCTA5 98587","61","30","5","6","15","11","8","7","1","4","13","12","0","13","10","17","2","3","3","4","4","8",
"860Z200US98588","ZCTA5 98588","56","68","0","13","0","13","0","13","0","13","0","13","5","14","0","13","15","28","0","13","36","50",
"860Z200US98589","ZCTA5 98589","563","157","9","13","13","17","12","16","82","55","84","54","114","89","4","7","44","53","135","88","66","59",
"860Z200US98590","ZCTA5 98590","26","29","1","2","0","13","8","13","0","13","3","5","2","3","0","13","2","3","7","22","3","7",
"860Z200US98591","ZCTA5 98591","156","80","39","54","16","19","0","13","37","35","10","14","14","19","12","16","14","14","14","15","0","13",
"860Z200US98592","ZCTA5 98592","139","163","0","13","14","24","0","13","125","161","0","13","0","13","0","13","0","13","0","13","0","13",
"860Z200US98593","ZCTA5 98593","113","58","2","3","0","13","9","15","27","30","0","13","0","13","0","13","0","13","52","40","23","28",
"860Z200US98595","ZCTA5 98595","422","160","32","37","27","42","89","77","17","27","82","88","5","10","45","36","95","85","30","23","0","13",
"860Z200US98596","ZCTA5 98596","416","125","80","69","59","68","44","46","27","25","15","14","33","24","14","13","32","34","40","26","72","46",
"860Z200US98597","ZCTA5 98597","1859","351","75","55","159","116","150","92","345","169","196","110","211","116","112","128","83","70","265","159","263","163",
"860Z200US98601","ZCTA5 98601","140","82","0","13","0","13","20","23","54","58","0","13","0","13","0","13","22","24","0","13","44","56",
"860Z200US98602","ZCTA5 98602","0","13","0","13","0","13","0","13","0","13","0","13","0","13","0","13","0","13","0","13","0","13",
"860Z200US98603","ZCTA5 98603","131","103","14","24","0","13","24","44","57","74","0","13","0","13","0","13","0","13","36","58","0","13",
"860Z200US98604","ZCTA5 98604","2475","346","76","73","254","153","502","257","316","112","316","133","193","109","59","48","180","98","449","134","130","68",
"860Z200US98605","ZCTA5 98605","169","69","13","17","15","21","28","30","0","13","31","28","18","22","0","13","13","16","11","12","40","37",
"860Z200US98606","ZCTA5 98606","438","146","9","15","98","85","54","59","0","19","62","65","55","51","0","19","23","38","53","49","84","59",
"860Z200US98607","ZCTA5 98607","2692","400","112","98","216","97","396","146","375","147","392","160","191","148","105","64","112","76","637","224","156","89",
"860Z200US98609","ZCTA5 98609","0","13","0","13","0","13","0","13","0","13","0","13","0","13","0","13","0","13","0","13","0","13",
"860Z200US98610","ZCTA5 98610","250","108","22","36","35","35","26","41","0","13","21","26","0","13","37","42","24","36","55","47","30","35",
"860Z200US98611","ZCTA5 98611","620","184","6","11","28","46","114","77","67","63","103","92","63","52","42","42","31","39","74","50","92","78",
"860Z200US98612","ZCTA5 98612","228","87","10","16","20","24","0","13","0","13","8","11","41","41","22","31","4","7","91","68","32","32",
"860Z200US98613","ZCTA5 98613","20","17","2","4","0","13","7","12","0","13","0","13","3","4","4","8","0","13","0","13","4","6",
"860Z200US98614","ZCTA5 98614","0","13","0","13","0","13","0","13","0","13","0","13","0","13","0","13","0","13","0","13","0","13",
"860Z200US98616","ZCTA5 98616","0","13","0","13","0","13","0","13","0","13","0","13","0","13","0","13","0","13","0","13","0","13",
"860Z200US98617","ZCTA5 98617","132","98","24","38","0","13","0","13","0","13","67","72","0","13","0","13","0","13","11","16","30","47",
"860Z200US98619","ZCTA5 98619","65","22","19","11","12","10","2","3","5","6","0","13","2","3","1","3","5","6","9","8","10","7",
"860Z200US98620","ZCTA5 98620","1027","252","0","19","21","26","46","44","72","67","62","62","269","187","45","50","49","73","247","130","216","152",
"860Z200US98621","ZCTA5 98621","0","13","0","13","0","13","0","13","0","13","0","13","0","13","0","13","0","13","0","13","0","13",
"860Z200US98623","ZCTA5 98623","0","13","0","13","0","13","0","13","0","13","0","13","0","13","0","13","0","13","0","13","0","13",
"860Z200US98624","ZCTA5 98624","195","81","0","13","33","15","46","44","26","26","48","38","16","19","12","15","14","24","0","13","0","13",
"860Z200US98625","ZCTA5 98625","599","270","25","28","62","42","51","50","244","284","32","39","16","13","0","19","49","50","71","80","49","45",
"860Z200US98626","ZCTA5 98626","3246","350","70","79","284","139","277","137","227","98","541","189","429","221","400","208","201","119","675","251","142","102",
"860Z200US98628","ZCTA5 98628","59","30","0","13","5","8","7","12","6","8","8","13","12","19","0","13","0","13","11","13","10","15",
"860Z200US98629","ZCTA5 98629","268","111","0","19","0","19","11","16","0","19","104","91","0","19","0","19","19","24","100","81","34","27",
"860Z200US98631","ZCTA5 98631","451","113","0","13","43","47","15","19","59","42","38","31","14","16","71","47","76","74","100","59","35","23",
"860Z200US98632","ZCTA5 98632","8527","575","288","152","614","154","895","258","1007","291","1172","302","653","224","714","301","824","216","2023","341","337","140",
"860Z200US98635","ZCTA5 98635","213","103","23","26","0","13","19","17","41","47","0","13","18","24","0","13","0","13","80","79","32","50",
"860Z200US98638","ZCTA5 98638","72","39","0","13","7","9","14","18","21","21","7","11","0","13","0","13","0","13","18","31","5","9",
"860Z200US98639","ZCTA5 98639","164","44","0","13","10","8","12","13","38","29","17","18","27","23","9","11","16","18","28","21","7","12",
"860Z200US98640","ZCTA5 98640","365","153","9","14","21","20","42","50","17","23","16","23","54","70","11","18","38","54","99","70","58","56",
"860Z200US98641","ZCTA5 98641","0","13","0","13","0","13","0","13","0","13","0","13","0","13","0","13","0","13","0","13","0","13",
"860Z200US98642","ZCTA5 98642","1389","281","117","90","146","81","243","118","119","85","111","67","119","63","108","120","128","125","259","165","39","33",
"860Z200US98643","ZCTA5 98643","36","32","0","13","4","7","0","13","0","13","0","13","0","13","0","13","29","31","3","5","0","13",
"860Z200US98644","ZCTA5 98644","86","57","0","13","0","13","14","20","32","41","26","38","0","13","9","14","5","8","0","13","0","13",
"860Z200US98645","ZCTA5 98645","53","31","0","13","7","10","0","13","6","9","9","12","0","13","0","13","13","20","0","13","18","19",
"860Z200US98647","ZCTA5 98647","11","19","0","13","0","13","0","13","0","13","0","13","0","13","0","13","0","13","11","19","0","13",
"860Z200US98648","ZCTA5 98648","286","60","20","17","30","19","15","19","30","27","21","20","33","23","4","7","26","21","87","39","20","23",
"860Z200US98649","ZCTA5 98649","77","53","2","4","0","13","0","13","0","13","0","13","27","39","5","9","5","8","31","41","7","11",
"860Z200US98650","ZCTA5 98650","78","38","18","27","11","16","0","13","0","13","6","11","7","12","10","13","0","13","0","13","26","21",
"860Z200US98651","ZCTA5 98651","66","43","0","13","12","19","31","35","7","9","6","10","0","13","0","13","10","14","0","13","0","13",
"860Z200US98660","ZCTA5 98660","4033","327","189","108","331","128","381","136","423","143","426","143","346","132","331","118","270","114","1163","213","173","117",
"860Z200US98661","ZCTA5 98661","12652","821","460","198","1105","412","1325","279","1488","342","1760","363","1362","282","977","256","1457","291","2395","356","323","111",
"860Z200US98662","ZCTA5 98662","5052","577","36","33","443","214","605","244","649","211","522","202","368","184","334","146","660","167","1189","305","246","141",
"860Z200US98663","ZCTA5 98663","2622","293","85","63","175","90","421","133","250","102","344","119","241","108","183","96","307","138","556","182","60","58",
"860Z200US98664","ZCTA5 98664","3462","430","14","21","399","255","420","166","407","200","509","226","353","176","113","67","472","237","656","238","119","86",
"860Z200US98665","ZCTA5 98665","4573","428","46","35","174","88","655","187","502","159","679","209","491","209","270","120","547","231","1042","289","167","95",
"860Z200US98670","ZCTA5 98670","1","4","1","4","0","13","0","13","0","13","0","13","0","13","0","13","0","13","0","13","0","13",
"860Z200US98671","ZCTA5 98671","1843","360","42","38","117","84","155","60","259","103","301","258","165","101","154","87","175","98","388","149","87","45",
"860Z200US98672","ZCTA5 98672","557","169","23","34","45","60","68","58","79","85","84","84","28","39","27","45","74","84","32","36","97","71",
"860Z200US98673","ZCTA5 98673","48","25","0","13","2","3","5","9","0","13","5","8","0","13","6","10","8","10","17","17","5","8",
"860Z200US98674","ZCTA5 98674","1618","366","30","36","153","128","110","86","216","107","403","211","116","134","72","105","56","68","295","176","167","132",
"860Z200US98675","ZCTA5 98675","252","96","12","17","30","33","23","26","50","45","27","42","9","14","4","6","0","19","20","21","77","64",
"860Z200US98682","ZCTA5 98682","7217","625","116","58","483","189","851","254","1279","348","545","190","557","198","815","310","486","144","1673","360","412","243",
"860Z200US98683","ZCTA5 98683","5950","572","145","98","302","146","500","169","643","203","793","269","586","162","527","228","651","215","1560","353","243","138",
"860Z200US98684","ZCTA5 98684","6377","607","157","90","302","133","765","299","807","266","1084","292","690","272","429","203","631","218","1253","344","259","173",
"860Z200US98685","ZCTA5 98685","1983","395","80","95","119","76","485","337","327","166","134","85","260","178","65","54","75","53","321","156","117","72",
"860Z200US98686","ZCTA5 98686","1898","261","69","50","47","36","222","97","251","125","189","84","237","118","71","45","307","128","399","149","106","77",
"860Z200US98801","ZCTA5 98801","7397","507","304","135","635","239","844","246","1160","287","917","254","511","216","403","178","677","230","1402","341","544","234",
"860Z200US98802","ZCTA5 98802","3505","409","230","169","155","91","682","251","321","105","355","174","415","173","242","164","97","51","686","231","322","143",
"860Z200US98811","ZCTA5 98811","10","18","10","18","0","13","0","13","0","13","0","13","0","13","0","13","0","13","0","13","0","13",
"860Z200US98812","ZCTA5 98812","770","222","71","63","107","81","67","52","93","61","0","19","13","22","24","28","50","50","216","153","129","87",
"860Z200US98813","ZCTA5 98813","357","103","37","33","44","31","41","40","63","47","20","19","19","15","29","28","0","13","45","47","59","58",
"860Z200US98814","ZCTA5 98814","0","13","0","13","0","13","0","13","0","13","0","13","0","13","0","13","0","13","0","13","0","13",
"860Z200US98815","ZCTA5 98815","681","173","17","24","72","51","92","66","66","73","72","66","54","53","42","57","40","47","131","61","95","94",
"860Z200US98816","ZCTA5 98816","1128","246","254","148","102","106","40","47","197","169","143","74","22","36","0","19","151","65","77","65","142","122",
"860Z200US98817","ZCTA5 98817","15","27","0","13","0","13","0","13","15","27","0","13","0","13","0","13","0","13","0","13","0","13",
"860Z200US98819","ZCTA5 98819","24","21","0","13","0","13","0","13","0","13","4","6","0","13","0","13","14","17","0","13","6","10",
"860Z200US98821","ZCTA5 98821","182","205","182","205","0","13","0","13","0","13","0","13","0","13","0","13","0","13","0","13","0","13",
"860Z200US98822","ZCTA5 98822","151","60","26","28","26","28","23","22","15","17","13","16","0","13","6","7","21","26","12","17","9","13",
"860Z200US98823","ZCTA5 98823","1475","282","146","131","171","148","207","153","146","124","201","132","124","114","99","75","84","61","121","82","176","144",
"860Z200US98824","ZCTA5 98824","27","33","0","13","0","13","0","13","0","13","9","17","7","11","0","13","0","13","0","13","11","23",
"860Z200US98826","ZCTA5 98826","941","225","67","88","109","102","48","32","139","70","123","103","39","31","68","71","53","47","135","72","160","79",
"860Z200US98827","ZCTA5 98827","104","91","0","13","0","13","0","13","0","13","0","13","51","77","0","13","0","13","53","55","0","13",
"860Z200US98828","ZCTA5 98828","116","73","0","13","0","13","0","13","0","13","25","41","0","13","25","28","13","20","29","37","24","41",
"860Z200US98829","ZCTA5 98829","41","35","11","17","0","13","12","19","0","13","0","13","0","13","0","13","0","13","18","23","0","13",
"860Z200US98830","ZCTA5 98830","56","27","6","7","4","7","3","5","4","6","8","13","2","3","0","13","4","8","10","11","15","13",
"860Z200US98831","ZCTA5 98831","451","173","0","13","69","62","67","79","0","13","20","38","39","46","0","13","61","64","85","70","110","98",
"860Z200US98832","ZCTA5 98832","12","17","0","13","0","13","0","13","3","6","0","13","0","13","0","13","0","13","0","13","9","16",
"860Z200US98833","ZCTA5 98833","0","13","0","13","0","13","0","13","0","13","0","13","0","13","0","13","0","13","0","13","0","13",
"860Z200US98834","ZCTA5 98834","3","5","0","13","0","13","0","13","0","13","0","13","0","13","0","13","0","13","0","13","3","5",
"860Z200US98836","ZCTA5 98836","0","13","0","13","0","13","0","13","0","13","0","13","0","13","0","13","0","13","0","13","0","13",
"860Z200US98837","ZCTA5 98837","5907","566","483","268","597","228","703","212","650","255","400","172","617","317","384","201","329","154","1289","325","455","208",
"860Z200US98840","ZCTA5 98840","772","205","43","48","157","94","74","69","147","103","50","45","58","36","0","19","129","113","36","40","78","51",
"860Z200US98841","ZCTA5 98841","890","221","99","86","345","180","59","41","89","77","97","73","4","8","0","19","44","36","55","34","98","79",
"860Z200US98843","ZCTA5 98843","348","118","31","32","41","31","15","25","9","16","14","20","24","41","12","18","32","38","9","13","161","76",
"860Z200US98844","ZCTA5 98844","531","190","3","4","111","119","48","47","76","53","94","60","31","32","17","18","14","13","112","61","25","26",
"860Z200US98845","ZCTA5 98845","29","21","0","13","0","13","8","13","7","11","0","13","2","3","0","13","0","13","2","4","10","14",
"860Z200US98846","ZCTA5 98846","51","35","4","6","0","13","7","14","0","13","5","10","11","17","0","13","13","16","3","5","8","10",
"860Z200US98847","ZCTA5 98847","230","140","0","13","33","50","0","13","67","98","51","70","67","76","0","13","0","13","12","18","0","13",
"860Z200US98848","ZCTA5 98848","1525","327","263","165","130","90","237","187","202","143","53","67","64","65","54","63","44","36","226","189","252","137",
"860Z200US98849","ZCTA5 98849","157","85","31","36","7","11","44","44","0","13","4","7","1","3","0","13","30","52","30","21","10","15",
"860Z200US98850","ZCTA5 98850","127","62","15","15","11","15","21","23","0","13","31","38","10","16","5","11","0","13","8","13","26","25",
"860Z200US98851","ZCTA5 98851","584","147","38","58","103","89","95","68","42","65","26","25","35","32","0","13","24","36","161","90","60","46",
"860Z200US98852","ZCTA5 98852","2","3","0","13","0","13","0","13","0","13","0","13","0","13","0","13","0","13","0","13","2","3",
"860Z200US98853","ZCTA5 98853","0","13","0","13","0","13","0","13","0","13","0","13","0","13","0","13","0","13","0","13","0","13",
"860Z200US98855","ZCTA5 98855","686","182","93","78","59","59","85","74","86","75","32","23","7","13","43","51","10","12","71","48","200","107",
"860Z200US98856","ZCTA5 98856","310","114","72","73","22","23","0","13","35","33","18","22","29","34","35","31","0","13","89","64","10","16",
"860Z200US98857","ZCTA5 98857","386","121","25","26","44","39","40","47","77","42","13","16","32","25","0","13","49","61","31","27","75","70",
"860Z200US98858","ZCTA5 98858","209","105","43","36","0","13","26","24","0","13","10","17","11","18","27","35","9","12","9","14","74","72",
"860Z200US98859","ZCTA5 98859","32","45","0","13","32","45","0","13","0","13","0","13","0","13","0","13","0","13","0","13","0","13",
"860Z200US98860","ZCTA5 98860","19","11","0","13","2","3","0","13","2","3","1","3","3","5","0","13","0","13","0","13","11","9",
"860Z200US98862","ZCTA5 98862","344","174","26","41","2","5","133","100","24","26","35","35","0","13","0","13","3","5","83","99","38","55",
"860Z200US98901","ZCTA5 98901","5642","474","176","95","481","292","760","218","369","147","631","164","685","211","249","145","419","152","1317","264","555","215",
"860Z200US98902","ZCTA5 98902","8203","664","232","132","811","331","1030","358","1448","426","873","270","765","270","575","267","618","205","1537","366","314","127",
"860Z200US98903","ZCTA5 98903","1597","320","44","39","90","74","215","129","80","60","259","146","86","63","130","102","165","123","317","205","211","104",
"860Z200US98908","ZCTA5 98908","4464","443","164","145","387","200","538","190","524","178","421","161","176","114","401","184","356","154","1258","410","239","115",
"860Z200US98921","ZCTA5 98921","0","13","0","13","0","13","0","13","0","13","0","13","0","13","0","13","0","13","0","13","0","13",
"860Z200US98922","ZCTA5 98922","668","135","15","20","40","32","95","64","114","74","11","11","46","51","26","30","37","29","103","59","181","68",
"860Z200US98923","ZCTA5 98923","295","216","0","13","0","13","0","13","110","146","0","13","0","13","94","88","0","13","91","124","0","13",
"860Z200US98925","ZCTA5 98925","33","27","0","13","10","18","0","13","0","13","0","13","0","13","6","11","0","13","6","13","11","13",
"860Z200US98926","ZCTA5 98926","6141","541","235","103","363","157","714","197","468","170","626","207","587","182","334","176","379","149","1929","343","506","212",
"860Z200US98930","ZCTA5 98930","1907","376","94","66","409","241","217","139","224","98","212","176","191","124","76","83","122","75","238","137","124","98",
"860Z200US98932","ZCTA5 98932","699","184","48","55","49","43","170","110","48","36","82","85","59","45","24","37","17","23","165","121","37","26",
"860Z200US98933","ZCTA5 98933","146","41","10","8","26","24","19","14","14","15","5","6","13","14","2","4","20","17","3","4","34","22",
"860Z200US98934","ZCTA5 98934","144","104","43","74","0","13","13","20","0","13","0","13","0","13","0","13","0","13","75","67","13","21",
"860Z200US98935","ZCTA5 98935","439","119","0","13","98","59","31","19","19","21","111","90","28","25","7","10","11","17","81","45","53","40",
"860Z200US98936","ZCTA5 98936","398","197","21","34","110","108","0","19","125","136","83","79","0","19","0","19","0","19","9","15","50","48",
"860Z200US98937","ZCTA5 98937","514","141","2","3","65","50","13","18","49","44","15","20","90","47","5","6","10","17","98","73","167","89",
"860Z200US98938","ZCTA5 98938","182","93","19","28","0","13","68","103","0","13","6","10","0","13","0","13","0","13","69","99","20","23",
"860Z200US98939","ZCTA5 98939","11","17","0","13","0","13","0","13","0","13","0","13","0","13","0","13","0","13","0","13","11","17",
"860Z200US98940","ZCTA5 98940","83","103","0","13","0","13","83","103","0","13","0","13","0","13","0","13","0","13","0","13","0","13",
"860Z200US98941","ZCTA5 98941","126","68","0","13","0","13","8","12","0","13","8","11","18","20","9","15","0","13","28","33","55","57",
"860Z200US98942","ZCTA5 98942","1829","320","40","45","144","99","175","98","213","118","431","226","96","71","173","153","164","147","173","140","220","137",
"860Z200US98943","ZCTA5 98943","120","46","0","13","7","12","17","23","0","13","23","29","26","30","0","13","12","17","19","25","16","21",
"860Z200US98944","ZCTA5 98944","2402","418","43","43","288","235","332","151","387","198","209","121","168","112","169","106","160","98","520","249","126","86",
"860Z200US98946","ZCTA5 98946","31","24","5","5","11","20","6","11","0","13","0","13","0","13","0","13","3","5","6","6","0","13",
"860Z200US98947","ZCTA5 98947","230","95","16","18","43","35","5","9","22","27","11","10","33","42","0","13","66","69","14","17","20","32",
"860Z200US98948","ZCTA5 98948","1453","196","108","60","232","76","225","71","177","50","128","54","122","62","76","38","71","40","169","69","145","59",
"860Z200US98950","ZCTA5 98950","0","13","0","13","0","13","0","13","0","13","0","13","0","13","0","13","0","13","0","13","0","13",
"860Z200US98951","ZCTA5 98951","1597","183","104","45","229","100","227","103","154","60","46","32","86","45","78","45","71","39","238","104","364","108",
"860Z200US98952","ZCTA5 98952","167","50","29","30","23","19","11","12","6","10","0","13","14","14","10","12","0","13","7","11","67","32",
"860Z200US98953","ZCTA5 98953","496","159","42","58","39","43","37","30","96","71","93","64","81","85","21","26","0","19","69","53","18","14",
"860Z200US99001","ZCTA5 99001","1578","209","75","97","69","58","202","125","128","73","96","72","200","125","239","122","125","78","382","143","62","86",
"860Z200US99003","ZCTA5 99003","264","124","58","63","119","89","16","26","0","13","0","13","10","17","45","48","0","13","0","13","16","26",
"860Z200US99004","ZCTA5 99004","3717","341","118","112","180","109","377","223","381","141","368","162","205","88","184","105","345","176","1241","293","318","157",
"860Z200US99005","ZCTA5 99005","318","136","0","21","97","85","35","30","18","28","34","38","0","21","0","21","84","79","15","24","35","34",
"860Z200US99006","ZCTA5 99006","830","200","5","8","41","41","26","32","111","69","177","129","82","67","80","61","27","40","207","115","74","50",
"860Z200US99008","ZCTA5 99008","44","35","7","10","0","13","0","13","0","13","0","13","0","13","0","13","0","13","19","30","18","14",
"860Z200US99009","ZCTA5 99009","143","58","11","18","0","13","31","26","0","13","0","13","3","6","0","13","45","34","24","28","29","35",
"860Z200US99011","ZCTA5 99011","753","130","31","35","24","31","52","30","147","105","117","42","73","60","53","38","57","41","158","51","41","33",
"860Z200US99012","ZCTA5 99012","106","45","18","19","18","18","15","14","1","2","7","10","0","13","0","13","0","13","29","29","18","20",
"860Z200US99013","ZCTA5 99013","202","80","34","19","3","5","14","12","5","8","12","10","0","13","7","8","75","77","33","22","19","15",
"860Z200US99014","ZCTA5 99014","0","13","0","13","0","13","0","13","0","13","0","13","0","13","0","13","0","13","0","13","0","13",
"860Z200US99016","ZCTA5 99016","1899","407","34","39","42","53","196","138","236","141","245","165","201","137","37","76","158","138","552","268","198","170",
"860Z200US99017","ZCTA5 99017","8","6","1","3","0","13","0","13","0","13","1","2","0","13","0","13","0","13","1","2","5","5",
"860Z200US99018","ZCTA5 99018","36","26","0","13","0","13","0","13","0","13","0","13","5","8","5","7","0","13","2","4","24","21",
"860Z200US99019","ZCTA5 99019","1455","335","166","247","80","68","94","75","239","138","148","169","138","94","10","18","228","147","348","160","4","8",
"860Z200US99020","ZCTA5 99020","0","13","0","13","0","13","0","13","0","13","0","13","0","13","0","13","0","13","0","13","0","13",
"860Z200US99021","ZCTA5 99021","313","120","8","12","8","13","58","49","23","37","57","53","26","23","73","65","15","17","10","15","35","47",
"860Z200US99022","ZCTA5 99022","676","281","10","17","206","186","178","163","80","93","5","9","106","162","52","77","18","29","21","34","0","19",
"860Z200US99023","ZCTA5 99023","0","13","0","13","0","13","0","13","0","13","0","13","0","13","0","13","0","13","0","13","0","13",
"860Z200US99025","ZCTA5 99025","106","98","36","58","38","62","0","19","32","50","0","19","0","19","0","19","0","19","0","19","0","19",
"860Z200US99026","ZCTA5 99026","141","75","3","15","0","19","44","43","42","44","0","19","19","28","0","19","0","19","0","19","33","31",
"860Z200US99027","ZCTA5 99027","183","110","6","9","0","19","73","75","50","80","0","19","0","19","17","27","19","30","0","19","18","29",
"860Z200US99029","ZCTA5 99029","143","61","21","24","27","25","11","17","21","23","0","13","0","13","12","17","0","13","0","13","51","52",
"860Z200US99030","ZCTA5 99030","15","9","0","13","0","13","1","3","0","13","1","2","0","13","6","8","0","13","2","5","5","7",
"860Z200US99031","ZCTA5 99031","57","32","0","13","10","15","0","13","0","13","12","17","0","13","10","14","0","13","3","6","22","18",
"860Z200US99032","ZCTA5 99032","70","40","2","3","2","3","0","13","27","33","6","12","0","13","0","13","2","3","8","8","23","19",
"860Z200US99033","ZCTA5 99033","119","49","2","3","3","4","22","19","38","25","28","34","1","3","8","12","12","18","4","3","1","4",
"860Z200US99034","ZCTA5 99034","77","84","0","13","0","13","0","13","0","13","0","13","0","13","65","81","0","13","0","13","12","20",
"860Z200US99036","ZCTA5 99036","89","67","0","13","0","13","26","42","8","12","7","11","0","13","0","13","0","13","12","19","36","45",
"860Z200US99037","ZCTA5 99037","2100","269","0","21","87","63","200","131","355","189","422","175","93","65","183","95","173","122","520","210","67","81",
"860Z200US99039","ZCTA5 99039","11","9","0","13","0","13","2","3","3","4","0","13","0","13","0","13","0","13","0","13","6","7",
"860Z200US99040","ZCTA5 99040","77","40","48","38","16","14","2","4","0","13","0","13","0","13","4","6","4","8","0","13","3","6",
"860Z200US99101","ZCTA5 99101","57","48","0","13","1","3","0","13","0","13","13","23","3","4","0","13","5","7","4","5","31","41",
"860Z200US99102","ZCTA5 99102","116","59","18","18","0","13","30","34","17","19","0","13","25","21","11","16","0","13","10","14","5","8",
"860Z200US99103","ZCTA5 99103","54","30","9","14","5","7","14","19","1","2","0","13","0","13","0","13","1","2","10","12","14","11",
"860Z200US99105","ZCTA5 99105","1","3","0","13","0","13","0","13","0","13","0","13","0","13","0","13","0","13","0","13","1","3",
"860Z200US99109","ZCTA5 99109","447","109","12","13","12","12","45","40","45","29","141","71","55","59","25","21","6","10","30","34","76","52",
"860Z200US99110","ZCTA5 99110","149","122","0","13","18","29","62","66","66","98","0","13","0","13","3","8","0","13","0","13","0","13",
"860Z200US99111","ZCTA5 99111","460","112","29","25","28","27","50","32","61","50","28","28","32","45","37","39","2","3","178","87","15","13",
"860Z200US99113","ZCTA5 99113","37","20","3","4","22","16","0","13","0","13","8","7","0","13","1","2","3","5","0","13","0","13",
"860Z200US99114","ZCTA5 99114","1526","245","116","80","187","87","100","62","186","101","127","65","137","74","164","94","59","67","290","86","160","79",
"860Z200US99115","ZCTA5 99115","152","72","7","7","23","23","9","14","9","14","2","3","7","11","13","15","0","13","21","22","61","60",
"860Z200US99116","ZCTA5 99116","239","66","39","29","9","7","55","39","21","16","17","14","3","6","13","10","26","18","27","18","29","21",
"860Z200US99117","ZCTA5 99117","34","20","6","9","0","13","12","13","0","13","4","6","0","13","0","13","0","13","3","4","9","9",
"860Z200US99118","ZCTA5 99118","102","56","23","29","25","23","4","7","0","13","0","13","0","13","0","13","15","23","3","5","32","28",
"860Z200US99119","ZCTA5 99119","87","46","2","3","1","2","0","13","11","17","0","13","12","14","3","6","25","33","3","6","30","20",
"860Z200US99121","ZCTA5 99121","21","25","0","13","0","13","0","13","0","13","0","13","0","13","3","5","0","13","3","6","15","24",
"860Z200US99122","ZCTA5 99122","361","78","0","13","59","38","89","62","64","37","20","23","8","9","3","5","32","38","18","17","68","34",
"860Z200US99123","ZCTA5 99123","61","46","0","13","13","20","13","19","0","13","26","34","0","13","9","12","0","13","0","13","0","13",
"860Z200US99124","ZCTA5 99124","24","13","3","4","0","13","2","3","3","3","8","8","2","3","0","13","0","13","3","5","3","4",
"860Z200US99125","ZCTA5 99125","94","39","1","3","6","11","15","18","9","7","3","3","0","13","0","13","22","28","2","3","36","26",
"860Z200US99126","ZCTA5 99126","29","30","0","13","21","28","0","13","0","13","0","13","8","12","0","13","0","13","0","13","0","13",
"860Z200US99128","ZCTA5 99128","27","15","2","3","0","13","11","10","2","3","1","4","0","13","0","13","1","3","1","2","9","8",
"860Z200US99129","ZCTA5 99129","95","37","29","27","6","7","16","12","5","8","0","13","0","13","0","13","7","10","0","13","32","17",
"860Z200US99130","ZCTA5 99130","60","30","0","13","27","21","6","10","5","7","0","13","0","13","2","3","0","13","8","9","12","15",
"860Z200US99131","ZCTA5 99131","35","39","0","13","0","13","3","5","0","13","32","39","0","13","0","13","0","13","0","13","0","13",
"860Z200US99133","ZCTA5 99133","238","90","0","13","50","51","48","55","45","42","17","17","23","19","0","13","11","19","44","30","0","13",
"860Z200US99134","ZCTA5 99134","61","30","4","5","11","16","1","2","0","13","5","6","11","16","0","13","5","6","24","15","0","13",
"860Z200US99135","ZCTA5 99135","16","13","5","9","1","2","7","10","0","13","0","13","0","13","0","13","0","13","3","4","0","13",
"860Z200US99136","ZCTA5 99136","0","13","0","13","0","13","0","13","0","13","0","13","0","13","0","13","0","13","0","13","0","13",
"860Z200US99137","ZCTA5 99137","68","57","0","13","0","13","42","50","0","13","0","13","13","20","13","20","0","13","0","13","0","13",
"860Z200US99138","ZCTA5 99138","161","41","15","11","10","10","21","13","10","7","16","15","3","5","18","13","7","11","13","13","48","26",
"860Z200US99139","ZCTA5 99139","103","48","35","38","0","13","12","14","0","13","0","13","20","16","8","11","5","8","1","2","22","28",
"860Z200US99140","ZCTA5 99140","48","18","7","8","7","7","5","6","2","3","1","4","4","5","4","4","3","4","0","13","15","10",
"860Z200US99141","ZCTA5 99141","715","198","33","39","89","58","123","92","27","27","24","12","63","44","22","18","57","52","87","64","190","109",
"860Z200US99143","ZCTA5 99143","44","17","4","4","7","9","0","13","2","3","1","2","1","2","1","2","5","7","7","9","16","9",
"860Z200US99144","ZCTA5 99144","0","13","0","13","0","13","0","13","0","13","0","13","0","13","0","13","0","13","0","13","0","13",
"860Z200US99146","ZCTA5 99146","0","13","0","13","0","13","0","13","0","13","0","13","0","13","0","13","0","13","0","13","0","13",
"860Z200US99147","ZCTA5 99147","4","5","0","13","0","13","0","13","0","13","0","13","0","13","0","13","4","5","0","13","0","13",
"860Z200US99148","ZCTA5 99148","86","60","24","38","0","13","5","8","0","13","0","13","26","37","7","12","0","13","0","13","24","31",
"860Z200US99149","ZCTA5 99149","0","13","0","13","0","13","0","13","0","13","0","13","0","13","0","13","0","13","0","13","0","13",
"860Z200US99150","ZCTA5 99150","0","13","0","13","0","13","0","13","0","13","0","13","0","13","0","13","0","13","0","13","0","13",
"860Z200US99151","ZCTA5 99151","11","9","0","13","0","13","2","3","2","3","2","3","0","13","3","6","0","13","2","3","0","13",
"860Z200US99152","ZCTA5 99152","14","12","0","13","0","13","6","10","0","13","0","13","0","13","0","13","0","13","2","4","6","7",
"860Z200US99153","ZCTA5 99153","97","49","7","12","15","15","10","10","15","14","3","5","8","10","10","11","0","13","12","13","17","27",
"860Z200US99154","ZCTA5 99154","0","13","0","13","0","13","0","13","0","13","0","13","0","13","0","13","0","13","0","13","0","13",
"860Z200US99155","ZCTA5 99155","129","38","22","14","12","11","20","15","2","3","11","9","8","9","4","6","5","10","18","13","27","13",
"860Z200US99156","ZCTA5 99156","884","201","112","102","66","51","132","102","75","51","46","31","59","58","66","54","92","59","105","65","131","97",
"860Z200US99157","ZCTA5 99157","99","53","0","13","15","14","40","42","8","13","7","8","11","12","0","13","5","8","8","13","5","9",
"860Z200US99158","ZCTA5 99158","37","19","3","4","4","5","1","2","4","5","4","5","0","13","2","3","0","13","0","13","19","17",
"860Z200US99159","ZCTA5 99159","149","54","23","26","25","21","3","4","20","19","10","17","9","13","0","13","4","6","21","25","34","26",
"860Z200US99160","ZCTA5 99160","16","23","0","13","0","13","0","13","0","13","0","13","0","13","0","13","0","13","16","23","0","13",
"860Z200US99161","ZCTA5 99161","100","29","6","7","15","9","11","8","0","13","17","14","9","11","11","12","4","5","11","8","16","10",
"860Z200US99163","ZCTA5 99163","8267","538","182","105","573","274","741","213","688","183","598","252","426","159","456","171","671","210","3297","380","635","217",
"860Z200US99166","ZCTA5 99166","325","94","37","35","9","12","61","50","29","39","4","7","42","29","16","13","39","30","72","38","16","19",
"860Z200US99167","ZCTA5 99167","30","34","10","17","12","29","0","13","0","13","0","13","0","13","0","13","0","13","0","13","8","7",
"860Z200US99169","ZCTA5 99169","236","58","6","9","48","27","24","19","35","27","30","22","12","17","0","13","0","13","51","33","30","19",
"860Z200US99170","ZCTA5 99170","62","29","23","19","7","7","0","13","12","12","0","13","0","13","0","13","0","13","16","14","4","4",
"860Z200US99171","ZCTA5 99171","101","34","0","13","3","4","7","7","2","4","7","12","3","4","22","19","17","15","23","18","17","10",
"860Z200US99173","ZCTA5 99173","63","51","0","13","32","37","0","13","5","8","0","13","17","29","0","13","0","13","5","9","4","7",
"860Z200US99174","ZCTA5 99174","8","10","5","9","0","13","0","13","0","13","0","13","0","13","0","13","0","13","0","13","3","4",
"860Z200US99176","ZCTA5 99176","8","7","2","4","0","13","0","13","0","13","0","13","0","13","0","13","0","13","3","4","3","4",
"860Z200US99179","ZCTA5 99179","54","35","0","13","11","14","23","19","0","13","0","13","0","13","0","13","0","13","0","13","20","24",
"860Z200US99180","ZCTA5 99180","52","45","0","13","0","13","0","13","0","13","14","18","0","13","0","13","0","13","0","13","38","41",
"860Z200US99181","ZCTA5 99181","144","59","4","6","0","13","18","22","0","13","19","21","0","13","30","40","14","21","18","27","41","32",
"860Z200US99185","ZCTA5 99185","161","56","35","31","6","11","8","9","33","28","39","30","10","9","2","3","5","8","7","7","16","10",
"860Z200US99201","ZCTA5 99201","5427","410","370","149","352","118","462","200","472","180","554","136","438","155","327","130","584","202","1623","314","245","130",
"860Z200US99202","ZCTA5 99202","3989","541","219","114","313","170","249","129","368","155","339","120","544","325","258","148","357","140","1201","260","141","85",
"860Z200US99203","ZCTA5 99203","2194","369","33","30","264","100","231","96","293","116","329","113","210","98","153","90","84","54","583","256","14","17",
"860Z200US99204","ZCTA5 99204","2781","319","132","97","195","99","356","165","333","104","417","151","248","114","325","188","145","98","561","189","69","71",
"860Z200US99205","ZCTA5 99205","5018","474","116","69","277","133","508","156","750","194","727","227","534","202","412","151","288","113","1156","238","250","98",
"860Z200US99206","ZCTA5 99206","6404","557","125","68","551","262","1007","237","530","170","737","245","755","331","446","175","651","208","1401","269","201","100",
"860Z200US99207","ZCTA5 99207","5983","657","339","164","514","213","466","268","603","207","739","243","615","235","484","230","585","206","1452","325","186","119",
"860Z200US99208","ZCTA5 99208","8191","575","251","149","356","132","830","281","1334","301","985","253","562","175","937","271","1115","425","1730","349","91","47",
"860Z200US99212","ZCTA5 99212","2878","401","100","77","233","209","300","132","334","116","325","158","248","136","174","102","271","152","741","254","152","94",
"860Z200US99216","ZCTA5 99216","6334","569","144","111","484","239","735","216","1091","308","832","278","472","174","498","325","555","184","1288","277","235","133",
"860Z200US99217","ZCTA5 99217","2559","427","12","14","173","75","390","217","405","160","417","174","172","87","99","67","126","92","587","253","178","149",
"860Z200US99218","ZCTA5 99218","2840","457","65","52","155","91","271","96","385","175","233","115","242","123","222","105","496","202","675","283","96","67",
"860Z200US99223","ZCTA5 99223","4925","417","339","139","337","147","625","227","566","170","407","168","611","210","185","102","464","288","1129","268","262","109",
"860Z200US99224","ZCTA5 99224","3775","442","210","137","387","138","398","134","544","150","471","173","265","108","122","107","438","265","863","217","77","49",
"860Z200US99251","ZCTA5 99251","0","13","0","13","0","13","0","13","0","13","0","13","0","13","0","13","0","13","0","13","0","13",
"860Z200US99258","ZCTA5 99258","4","7","0","13","0","13","0","13","0","13","0","13","0","13","0","13","0","13","4","7","0","13",
"860Z200US99301","ZCTA5 99301","7955","660","456","205","892","276","762","240","839","216","779","226","723","226","670","232","868","301","1396","368","570","219",
"860Z200US99320","ZCTA5 99320","518","229","23","22","70","67","55","37","24","33","11","14","9","14","34","41","101","130","77","73","114","148",
"860Z200US99321","ZCTA5 99321","64","68","0","13","0","13","0","13","0","13","21","36","0","13","0","13","0","13","12","19","31","55",
"860Z200US99322","ZCTA5 99322","33","16","10","9","4","5","7","8","0","13","0","13","0","13","0","13","3","5","7","10","2","5",
"860Z200US99323","ZCTA5 99323","176","86","0","13","13","19","10","15","11","12","12","19","35","59","16","23","47","56","0","13","32","35",
"860Z200US99324","ZCTA5 99324","1136","197","9","16","19","30","206","94","184","123","91","54","73","60","67","72","195","151","255","138","37","36",
"860Z200US99326","ZCTA5 99326","431","152","44","37","90","102","71","69","0","19","60","47","54","46","17","28","0","19","51","49","44","48",
"860Z200US99328","ZCTA5 99328","361","121","20","23","27","26","77","69","13","18","46","52","18","21","19","23","19","21","57","47","65","49",
"860Z200US99329","ZCTA5 99329","5","7","0","13","0","13","2","4","0","13","0","13","0","13","0","13","0","13","0","13","3","6",
"860Z200US99330","ZCTA5 99330","17","30","17","30","0","13","0","13","0","13","0","13","0","13","0","13","0","13","0","13","0","13",
"860Z200US99333","ZCTA5 99333","5","7","0","13","0","13","0","13","0","13","0","13","0","13","0","13","0","13","0","13","5","7",
"860Z200US99335","ZCTA5 99335","19","16","4","6","3","5","0","13","0","13","0","13","0","13","0","13","0","13","4","5","8","9",
"860Z200US99336","ZCTA5 99336","9815","691","330","203","731","225","812","238","1323","317","812","245","1183","349","569","261","1077","307","2606","554","372","170",
"860Z200US99337","ZCTA5 99337","1384","308","79","57","197","118","201","134","143","84","72","55","49","32","164","129","81","70","305","139","93","61",
"860Z200US99338","ZCTA5 99338","1080","291","77","89","108","88","145","103","140","88","88","83","184","147","24","28","82","101","213","113","19","23",
"860Z200US99341","ZCTA5 99341","44","25","15","17","16","16","0","13","0","13","7","11","0","13","0","13","0","13","4","5","2","3",
"860Z200US99343","ZCTA5 99343","221","106","12","15","74","49","50","76","12","15","33","53","0","13","0","13","0","13","9","13","31","33",
"860Z200US99344","ZCTA5 99344","1836","307","25","25","410","170","87","83","122","69","120","78","153","109","128","96","137","84","429","168","225","110",
"860Z200US99345","ZCTA5 99345","26","21","0","13","5","8","0","13","2","3","2","3","0","13","0","13","0","13","14","19","3","5",
"860Z200US99346","ZCTA5 99346","28","27","0","13","4","6","0","13","10","12","0","13","0","13","0","13","14","23","0","13","0","13",
"860Z200US99347","ZCTA5 99347","281","84","8","14","50","30","13","20","14","17","9","14","35","38","0","13","8","15","51","45","93","43",
"860Z200US99348","ZCTA5 99348","420","139","41","34","142","101","37","34","43","51","16","17","12","21","37","58","0","13","31","32","61","63",
"860Z200US99349","ZCTA5 99349","1007","237","21","23","85","53","168","100","96","81","220","175","36","41","30","34","105","67","164","136","82","72",
"860Z200US99350","ZCTA5 99350","1685","311","150","105","186","112","275","171","125","97","128","87","63","47","49","52","115","73","320","171","274","144",
"860Z200US99352","ZCTA5 99352","4686","514","154","96","589","274","336","129","749","308","790","235","364","149","266","133","408","211","937","239","93","61",
"860Z200US99353","ZCTA5 99353","954","222","18","28","103","67","151","110","159","117","108","77","46","31","20","33","49","43","245","108","55","37",
"860Z200US99354","ZCTA5 99354","3901","391","143","80","363","141","631","182","529","166","771","213","234","94","173","86","398","180","400","130","259","140",
"860Z200US99356","ZCTA5 99356","41","21","2","4","0","13","0","13","1","3","10","12","14","13","4","6","0","13","3","7","7","7",
"860Z200US99357","ZCTA5 99357","320","119","39","49","19","28","30","34","65","51","0","13","34","34","0","13","33","40","16","19","84","50",
"860Z200US99359","ZCTA5 99359","13","13","0","13","2","3","2","3","0","13","0","13","0","13","0","13","0","13","6","9","3","5",
"860Z200US99360","ZCTA5 99360","112","66","9","13","3","5","0","13","0","13","4","8","0","13","21","27","8","13","5","7","62","54",
"860Z200US99361","ZCTA5 99361","279","124","0","13","16","13","22","22","35","41","30","44","0","13","24","22","1","3","31","22","120","111",
"860Z200US99362","ZCTA5 99362","5845","538","233","141","333","133","400","142","779","277","764","262","382","153","561","256","554","194","1296","263","543","184",
"860Z200US99363","ZCTA5 99363","0","13","0","13","0","13","0","13","0","13","0","13","0","13","0","13","0","13","0","13","0","13",
"860Z200US99371","ZCTA5 99371","35","19","12","15","0","13","1","2","0","13","0","13","1","3","0","13","0","13","1","3","20","12",
"860Z200US99401","ZCTA5 99401","0","13","0","13","0","13","0","13","0","13","0","13","0","13","0","13","0","13","0","13","0","13",
"860Z200US99402","ZCTA5 99402","76","43","7","11","0","13","0","13","33","23","0","13","3","7","0","13","4","6","18","23","11","17",
"860Z200US99403","ZCTA5 99403","2416","254","107","52","254","102","389","135","206","86","252","120","261","127","179","94","92","57","515","163","161","81",
